,ZEB1,ECAL,OVOL2,MIR34A,TGFB,SNAIL1,VIME,MIR200
ZEB1,0.1693825728909036,-0.36501212804268107,-0.29927564406613405,-0.36501212804268107,0.7207118353432028,0.38371596378327727,0.5557529104031376,-0.36501212804268107
ECAL,0.0,0.0,0.0,0.0,0.0,0.0,0.0,0.0
OVOL2,-0.3045845267969894,0.37850059305075967,0.1506970383066495,0.37850059305075967,-0.3427865449757772,-0.23451119949276059,-0.5082393607624378,0.37850059305075967
MIR34A,-0.12254347926333088,0.08304066708670856,0.08075648873693675,0.08304066708670856,-0.19230141643051823,-0.27935943147551223,-0.13931535004229048,0.08304066708670856
TGFB,0.12254347926333088,-0.08304066708670856,-0.08075648873693675,-0.08304066708670856,0.19230141643051823,0.27935943147551223,0.13931535004229048,-0.08304066708670856
SNAIL1,0.23451119949276059,-0.19372640394508345,-0.12254347926333088,-0.19372640394508345,0.23847859499881047,0.028842709649272717,0.24935451220449378,-0.19372640394508345
VIME,0.0,0.0,0.0,0.0,0.0,0.0,0.0,0.0
MIR200,-0.3427865449757772,0.37205818621773007,0.21766437805123562,0.37205818621773007,-0.6088729187540431,-0.23847859499881047,-0.3272020688285087,0.37205818621773007
