,ZEB1,ECAL,OVOL2,MIR34A,TGFB,SNAIL1,VIME,MIR200
ZEB1,0.4392815000815852,-0.4062597438009595,-0.5174306003386546,-0.4062597438009595,0.4137433155080214,0.2491111699708311,0.5392430245339122,-0.4062597438009595
ECAL,0.0,0.0,0.0,0.0,0.0,0.0,0.0,0.0
OVOL2,-0.45660672804511104,0.3223663486677035,0.4392815000815852,0.3223663486677035,-0.43655033305188107,-0.2589845876923501,-0.457016462033912,0.3223663486677035
MIR34A,-0.2491111699708311,0.24087331662432962,0.23771876490753993,0.24087331662432962,-0.2584624619460685,-0.1575335453823958,-0.2557282582234809,0.24087331662432962
TGFB,0.2491111699708311,-0.24087331662432962,-0.23771876490753993,-0.24087331662432962,0.2584624619460685,0.1575335453823958,0.2557282582234809,-0.24087331662432962
SNAIL1,0.2589845876923501,-0.2491827722117222,-0.2491111699708311,-0.2491827722117222,0.2721879521421469,0.063341802905139,0.2652597606467442,-0.2491827722117222
VIME,0.0,0.0,0.0,0.0,0.0,0.0,0.0,0.0
MIR200,-0.43655033305188107,0.43139483498653536,0.4137433155080214,0.43139483498653536,-0.5357204780026826,-0.2721879521421469,-0.45545984243283355,0.43139483498653536
